City_ID,City,Country,Lat,Lng,Max Temp,Humidity,Cloudiness,Wind Speed,Weather Description
0,Albany,US,42.6001,-73.9662,51.57,37,100,4.0,overcast clouds
1,Maceio,BR,-9.6658,-35.7353,78.24,78,0,4.61,clear sky
2,Mehamn,NO,71.0357,27.8492,39.2,93,100,23.22,overcast clouds
3,Dikson,RU,73.5069,80.5464,2.44,95,100,14.45,overcast clouds
4,Hithadhoo,MV,-0.6,73.0833,82.89,73,99,4.5,overcast clouds
5,Camacha,PT,33.0833,-16.3333,58.42,67,40,14.97,scattered clouds
6,Puerto Ayora,EC,-0.7393,-90.3518,76.95,83,100,6.58,overcast clouds
7,Rundu,NA,-17.9333,19.7667,70.43,58,88,5.84,overcast clouds
8,Hobart,AU,-42.8794,147.3294,58.26,77,75,5.75,broken clouds
9,Vaini,TO,-21.2,-175.2,80.76,89,75,10.36,broken clouds
10,Selma,US,36.5708,-119.6121,80.1,33,99,6.6,overcast clouds
11,Atikokan,CA,48.7555,-91.6216,32.61,91,100,9.1,overcast clouds
12,Atuona,PF,-9.8,-139.0333,79.88,71,42,17.36,scattered clouds
13,Hanzhong,CN,33.0728,107.0303,52.88,59,100,1.01,overcast clouds
14,Sisimiut,GL,66.9395,-53.6735,12.24,73,100,8.5,overcast clouds
15,Qaanaaq,GL,77.484,-69.3632,-11.4,84,35,1.1,scattered clouds
16,Mar Del Plata,AR,-38.0023,-57.5575,66.09,92,0,20.0,clear sky
17,Port Hardy,CA,50.6996,-127.4199,40.26,93,100,1.92,light rain
18,Tarrafal,CV,15.2833,-23.7667,72.39,81,21,13.71,few clouds
19,Guadalupe Y Calvo,MX,26.1,-106.9667,77.95,11,57,11.97,broken clouds
20,Airai,TL,-8.9266,125.4092,63.88,78,93,1.81,overcast clouds
21,Lebu,CL,-37.6167,-73.65,54.34,92,100,3.13,overcast clouds
22,Fortuna,US,40.5982,-124.1573,50.94,90,100,5.01,moderate rain
23,Bethel,US,41.3712,-73.414,46.02,67,100,1.01,overcast clouds
24,Barra Patuca,HN,15.8,-84.2833,81.23,71,0,10.31,clear sky
25,Ushuaia,AR,-54.8,-68.3,47.86,61,75,13.8,broken clouds
26,Namibe,AO,-15.1961,12.1522,74.62,76,89,3.13,light rain
27,Kavieng,PG,-2.5744,150.7967,85.24,67,94,15.1,overcast clouds
28,Dongning,CN,44.0622,131.1207,48.72,35,8,4.23,clear sky
29,Cururupu,BR,-1.8283,-44.8683,75.25,93,66,2.68,broken clouds
30,Bubaque,GW,11.2833,-15.8333,75.25,75,19,9.48,few clouds
31,Prachuap Khiri Khan,TH,12.2167,99.75,78.69,93,100,2.39,overcast clouds
32,Cape Town,ZA,-33.9258,18.4232,61.92,86,2,14.0,clear sky
33,Asyut,EG,27.181,31.1837,76.01,37,100,15.9,overcast clouds
34,Vila Velha,BR,-20.3297,-40.2925,75.15,79,40,9.22,scattered clouds
35,Yenagoa,NG,4.9247,6.2642,76.26,94,100,3.36,overcast clouds
36,Bud,US,39.447,-86.1758,43.68,72,91,14.43,overcast clouds
37,Mataura,NZ,-46.1927,168.8643,56.48,59,100,3.02,light rain
38,Bluff,NZ,-46.6,168.3333,56.8,78,100,6.08,overcast clouds
39,Cabo San Lucas,MX,22.8909,-109.9124,88.61,38,20,11.5,few clouds
40,Shimanovsk,RU,52.0,127.7,43.83,68,100,10.22,overcast clouds
41,Punta Arenas,CL,-53.15,-70.9167,48.31,76,75,13.8,broken clouds
42,Tasiilaq,GL,65.6145,-37.6368,30.36,98,100,2.37,light snow
43,Port Alfred,ZA,-33.5906,26.891,64.8,82,48,3.09,scattered clouds
44,Ahipara,NZ,-35.1667,173.1667,73.99,73,11,9.53,few clouds
45,Karema,TZ,-6.8205,30.4389,71.69,81,31,5.64,scattered clouds
46,Butaritari,KI,3.0707,172.7902,81.79,75,15,12.21,few clouds
47,Cidreira,BR,-30.1811,-50.2056,69.3,73,52,16.04,broken clouds
48,Bambous Virieux,MU,-20.3428,57.7575,78.22,94,40,8.05,light rain
49,Petrovsk-Zabaykalskiy,RU,51.273,108.843,44.96,64,34,3.11,scattered clouds
50,Rikitea,PF,-23.1203,-134.9692,78.57,70,7,14.45,clear sky
51,Khatanga,RU,71.9667,102.5,-1.95,99,91,6.76,overcast clouds
52,Naze,JP,28.3667,129.4833,63.52,74,100,11.34,overcast clouds
53,Tiksi,RU,71.6872,128.8694,3.99,100,100,3.02,overcast clouds
54,Kapaa,US,22.0752,-159.319,80.58,77,40,17.27,light rain
55,Amberieu-En-Bugey,FR,45.9589,5.3432,50.47,80,100,1.83,overcast clouds
56,Cherskiy,RU,68.75,161.3,24.1,88,100,6.76,overcast clouds
57,Severo-Kurilsk,RU,50.6789,156.125,32.65,87,95,2.3,overcast clouds
58,Avarua,CK,-21.2078,-159.775,82.45,69,80,4.61,broken clouds
59,Nanortalik,GL,60.1432,-45.2371,32.74,92,100,9.64,light snow
60,Lompoc,US,34.6391,-120.4579,72.7,60,0,28.99,clear sky
61,Ribeira Grande,PT,38.5167,-28.7,59.27,69,21,18.63,few clouds
62,Shirhatti,IN,15.2333,75.5833,76.23,61,62,8.16,broken clouds
63,Ola,RU,59.5833,151.2833,25.14,87,100,6.46,overcast clouds
64,Klaksvik,FO,62.2266,-6.589,45.52,91,64,34.23,light rain
65,Jamestown,US,42.097,-79.2353,34.72,77,100,10.36,snow
66,Talnakh,RU,69.4865,88.3972,14.92,94,100,8.08,light snow
67,Olinda,BR,-8.0089,-34.8553,82.13,69,75,9.22,broken clouds
68,Thompson,CA,55.7435,-97.8558,36.25,69,100,4.92,overcast clouds
69,Madison,US,34.7334,-86.5667,60.37,57,0,10.36,clear sky
70,San Quintin,MX,30.4833,-115.95,66.99,63,8,22.12,clear sky
71,Longyearbyen,SJ,78.2186,15.6401,12.04,79,0,5.75,clear sky
72,Oranjestad,AW,12.524,-70.027,79.14,87,25,18.21,scattered clouds
73,Provideniya,RU,64.3833,-173.3,33.37,86,100,13.42,light snow
74,Eyl,SO,7.9803,49.8164,80.74,83,13,4.54,few clouds
75,New Norfolk,AU,-42.7826,147.0587,57.92,68,100,2.57,overcast clouds
76,Tuktoyaktuk,CA,69.4541,-133.0374,16.48,79,1,7.67,clear sky
77,Inhambane,MZ,-23.865,35.3833,71.92,88,81,7.02,light rain
78,Havre-Saint-Pierre,CA,50.2334,-63.5986,33.8,74,0,6.91,clear sky
79,Ancud,CL,-41.8697,-73.8203,51.22,86,83,6.24,broken clouds
80,Souris,CA,49.6172,-100.2612,33.66,87,55,3.56,broken clouds
81,Fethiye,TR,36.6217,29.1164,57.07,88,7,2.06,clear sky
82,Upernavik,GL,72.7868,-56.1549,10.08,95,100,5.57,light snow
83,Hasaki,JP,35.7333,140.8333,57.6,61,100,13.04,overcast clouds
84,Nikolskoye,RU,59.7035,30.7861,41.81,91,85,3.38,overcast clouds
85,Harper,LR,4.375,-7.7169,77.34,89,98,4.5,overcast clouds
86,Saravena,CO,6.9538,-71.8752,77.65,76,96,2.73,moderate rain
87,Port-Cartier,CA,50.0334,-66.8654,34.75,83,8,5.06,clear sky
88,Isangel,VU,-19.55,169.2667,82.27,76,100,1.05,overcast clouds
89,Mont-De-Marsan,FR,44.0,-0.6667,50.61,93,100,5.75,overcast clouds
90,Listvyanka,RU,51.8535,104.8693,37.76,87,73,1.86,broken clouds
91,Jasper,US,37.2001,-94.3502,59.68,27,0,10.36,clear sky
92,Saskylakh,RU,71.9167,114.0833,12.16,94,100,12.71,light snow
93,Redlands,US,34.0556,-117.1825,87.55,24,40,4.61,scattered clouds
94,Mugur-Aksy,RU,50.35,90.5,36.84,33,100,5.57,overcast clouds
95,Shakhtinsk,KZ,49.71,72.5872,46.18,80,99,15.41,overcast clouds
96,Kibi,GH,6.1649,-0.5538,71.51,90,100,1.61,overcast clouds
97,Pevek,RU,69.7008,170.3133,15.71,88,62,4.94,broken clouds
98,Hermanus,ZA,-34.4187,19.2345,61.81,90,8,11.54,clear sky
99,Grindavik,IS,63.8424,-22.4338,43.27,75,75,11.5,broken clouds
100,Maposeni,TZ,-10.5833,35.4,62.71,96,21,1.5,few clouds
101,Barrow,US,71.2906,-156.7887,6.82,78,0,4.61,clear sky
102,Nuuk,GL,64.1835,-51.7216,16.41,73,100,21.85,light snow
103,Chokurdakh,RU,70.6333,147.9167,9.93,92,53,4.18,broken clouds
104,Tuatapere,NZ,-46.1333,167.6833,59.94,74,100,2.84,overcast clouds
105,Lang Son,VN,21.8333,106.7333,61.65,85,96,3.6,overcast clouds
106,Coquimbo,CL,-29.9533,-71.3436,56.93,82,100,3.44,overcast clouds
107,Souillac,MU,-20.5167,57.5167,77.4,88,15,10.65,few clouds
108,Kandy,LK,7.2955,80.6356,69.69,94,73,2.71,broken clouds
109,Hilo,US,19.7297,-155.09,80.28,77,75,11.5,broken clouds
110,Victoria,HK,22.2855,114.1577,70.25,85,100,5.99,overcast clouds
111,Pangkalanbuun,ID,-2.6833,111.6167,74.17,99,99,2.35,overcast clouds
112,Kropotkin,RU,45.4375,40.5756,60.75,76,100,9.35,overcast clouds
113,Beringovskiy,RU,63.05,179.3167,31.14,99,100,6.62,snow
114,Kifri,IQ,34.6959,44.9661,71.92,21,2,6.91,clear sky
115,Kloulklubed,PW,7.0419,134.2556,79.3,76,81,9.24,broken clouds
116,Ottersberg,DE,53.1,9.15,48.09,86,89,6.91,overcast clouds
117,Sao Raimundo Nonato,BR,-9.0153,-42.6994,75.6,82,99,3.58,overcast clouds
118,Georgetown,MY,5.4112,100.3354,78.73,89,20,2.3,few clouds
119,Asau,RO,46.4333,26.4,33.96,87,92,2.84,overcast clouds
120,Chifeng,CN,42.2683,118.9636,54.21,27,6,11.14,clear sky
121,Port Elizabeth,ZA,-33.918,25.5701,56.32,96,20,1.01,few clouds
122,Dubbo,AU,-32.25,148.6167,69.93,64,86,9.22,overcast clouds
123,Constitucion,CL,-35.3333,-72.4167,55.85,91,81,9.8,broken clouds
124,Manta,EC,-0.95,-80.7333,80.38,74,75,12.66,broken clouds
125,Lata,PT,40.1629,-8.3327,54.07,85,56,6.78,broken clouds
126,Srednekolymsk,RU,67.45,153.6833,23.85,87,67,5.35,broken clouds
127,Ada,US,43.4166,-116.1262,72.28,20,0,16.11,clear sky
128,Biak,ID,-0.9131,122.8766,78.62,79,60,0.2,broken clouds
129,Sioux Lookout,CA,50.1001,-91.917,32.09,88,100,7.65,light snow
130,Torit,SS,4.4133,32.5678,73.54,67,84,3.11,broken clouds
131,Champerico,GT,14.3,-91.9167,88.34,68,12,12.86,few clouds
132,Udachnyy,RU,66.4167,112.4,8.46,77,100,23.33,overcast clouds
133,Kamenka,RU,51.3223,42.7678,51.69,73,84,10.58,broken clouds
134,Castro,BR,-24.7911,-50.0119,54.91,95,41,4.7,scattered clouds
135,Vestmannaeyjar,IS,63.4427,-20.2734,44.08,78,11,20.33,few clouds
136,Manzhouli,CN,49.6,117.4333,53.42,39,96,2.1,overcast clouds
137,Mount Gambier,AU,-37.8333,140.7667,58.32,60,56,7.23,broken clouds
138,Kiama,AU,-34.6833,150.8667,74.25,74,100,5.01,overcast clouds
139,Alpine,US,32.835,-116.7664,84.96,34,0,11.5,clear sky
140,Faya,SA,18.3851,42.4509,63.12,36,66,3.94,broken clouds
141,Kuito,AO,-12.3833,16.9333,59.27,98,95,4.29,overcast clouds
142,Ylojarvi,FI,61.5563,23.5961,36.95,84,0,1.14,clear sky
143,Saryozek,KZ,44.3583,77.9753,64.78,20,100,5.53,overcast clouds
144,Alghero,IT,40.5589,8.3181,57.29,94,75,9.22,broken clouds
145,Qaqortoq,GL,60.7167,-46.0333,33.75,79,100,3.49,light snow
146,Norman Wells,CA,65.282,-126.8329,27.93,71,11,7.29,few clouds
147,Zyryanovsk,KZ,49.7386,84.2719,43.05,72,100,1.72,overcast clouds
148,Jalu,LY,29.0331,21.5482,62.73,58,2,13.29,clear sky
149,Chervona Sloboda,UA,49.3789,32.1464,38.91,84,100,12.48,overcast clouds
150,Guaraniacu,BR,-25.1008,-52.8781,56.95,90,11,1.41,few clouds
151,Bolshaya Martynovka,RU,47.271,41.6679,56.77,72,100,13.94,light rain
152,Micco,US,27.8806,-80.5003,85.1,81,100,5.08,overcast clouds
153,San Cristobal,VE,7.7669,-72.225,75.38,83,99,4.41,overcast clouds
154,Leningradskiy,RU,69.3833,178.4167,26.51,80,100,4.5,overcast clouds
155,Banda,IN,25.4833,80.3333,88.57,12,3,3.24,clear sky
156,Saint Anthony,US,45.0205,-93.218,37.92,58,100,24.16,overcast clouds
157,Mabaruma,GY,8.2,-59.7833,75.69,80,100,5.79,overcast clouds
158,Faanui,PF,-16.4833,-151.75,81.57,72,9,8.99,clear sky
159,Busselton,AU,-33.65,115.3333,61.7,86,97,5.68,overcast clouds
160,Sur,OM,22.5667,59.5289,82.15,60,0,5.03,clear sky
161,Yellowknife,CA,62.456,-114.3525,27.12,33,75,10.36,broken clouds
162,Cockburn Town,TC,21.4612,-71.1419,78.76,78,40,16.11,scattered clouds
163,Chuy,UY,-33.6971,-53.4616,63.07,84,7,9.24,clear sky
164,Dali,CN,25.7,100.1833,51.3,87,41,0.2,scattered clouds
165,Barrhead,GB,55.7992,-4.3929,45.84,82,28,10.36,scattered clouds
166,Atasu,KZ,48.6814,71.6433,47.25,78,29,15.79,scattered clouds
167,Puerto Madryn,AR,-42.7692,-65.0385,66.97,53,1,11.65,clear sky
168,Amarkantak,IN,22.6667,81.75,75.76,18,12,3.62,few clouds
169,Bredasdorp,ZA,-34.5322,20.0403,58.33,96,10,4.16,clear sky
170,Daru,PG,-9.0763,143.2092,77.22,88,93,6.55,overcast clouds
171,Stryn,NO,61.9045,6.7226,45.32,68,15,5.99,few clouds
172,Massillon,US,40.7967,-81.5215,38.55,68,100,11.5,overcast clouds
173,Awjilah,LY,29.1081,21.2869,62.37,59,3,12.68,clear sky
174,Sistranda,NO,63.7256,8.834,42.76,80,0,9.46,clear sky
175,Jensen Beach,US,27.2545,-80.2298,80.65,77,75,3.44,broken clouds
176,Gemena,CD,3.25,19.7667,71.24,98,100,1.52,moderate rain
177,Chumikan,RU,54.7183,135.315,37.02,80,96,15.21,overcast clouds
178,Zhanakorgan,KZ,43.9098,67.2495,68.94,38,100,17.52,overcast clouds
179,Marzuq,YE,14.4,46.4667,72.03,42,19,4.47,few clouds
180,Panalingaan,PH,8.7842,117.4231,78.55,84,97,2.62,overcast clouds
181,Guerrero Negro,MX,27.9769,-114.0611,67.84,64,16,20.4,few clouds
182,Shimoda,JP,34.6667,138.95,59.36,82,100,9.35,overcast clouds
183,Shelburne,CA,44.0787,-80.2041,32.76,91,100,13.76,light snow
184,Lagoa,PT,39.05,-27.9833,58.24,73,45,18.79,scattered clouds
185,Prieska,ZA,-29.6641,22.7474,63.16,44,3,2.19,clear sky
186,Praya,CV,14.9215,-23.5087,72.14,78,75,12.66,broken clouds
187,Katsuura,JP,35.1333,140.3,58.78,70,100,12.37,overcast clouds
188,Arroyo,ES,41.6096,-4.7969,51.15,71,0,18.41,clear sky
189,Greytown,ZA,-29.0642,30.5928,52.52,98,91,2.26,overcast clouds
190,Osypenko,UA,46.9136,36.8253,48.85,93,40,3.96,scattered clouds
191,Arima,TT,10.6333,-61.2833,79.45,81,20,10.0,few clouds
192,Ossora,RU,59.2353,163.0719,29.57,73,100,1.92,overcast clouds
193,Brokopondo,SR,4.75,-55.1667,76.73,89,71,8.34,broken clouds
194,Vagay,RU,57.9375,69.0217,30.63,70,53,4.34,broken clouds
195,Basudebpur,IN,21.1353,86.7386,76.3,95,0,5.79,clear sky
196,Mwene-Ditu,CD,-7.0,23.45,66.9,94,62,4.43,broken clouds
197,Kieta,PG,-6.2167,155.6333,83.43,70,100,1.07,overcast clouds
198,Danville,US,36.586,-79.395,45.34,85,100,8.05,overcast clouds
199,Taphan Hin,TH,16.2209,100.4198,78.89,78,100,2.64,overcast clouds
200,Northam,GB,51.0333,-4.2167,46.65,86,13,6.11,few clouds
201,Mahebourg,MU,-20.4081,57.7,78.26,94,40,8.05,scattered clouds
202,Banda Aceh,ID,5.5577,95.3222,80.04,79,78,6.08,broken clouds
203,Matagami,CA,49.7502,-77.6328,37.51,41,0,4.61,clear sky
204,Sao Joao Da Barra,BR,-21.6403,-41.0511,69.98,81,8,9.24,clear sky
205,Kaitangata,NZ,-46.2817,169.8464,61.45,54,93,3.47,light rain
206,Si Bun Ruang,TH,16.9667,102.2833,73.94,75,99,3.85,overcast clouds
207,Clyde River,CA,70.4692,-68.5914,-2.92,90,100,1.54,overcast clouds
208,Estevan,CA,49.1334,-102.9842,32.34,74,0,9.22,clear sky
209,Ponta Do Sol,PT,32.6667,-17.1,64.71,76,66,13.6,broken clouds
210,Vallenar,CL,-28.5708,-70.7581,65.03,58,0,4.09,clear sky
211,Avera,US,33.194,-82.5271,63.91,75,81,12.19,broken clouds
212,Saint George,US,37.1041,-113.5841,88.63,7,0,8.05,clear sky
213,Cayenne,GF,4.9333,-52.3333,77.09,1,100,2.3,overcast clouds
214,Lashio,MM,22.9333,97.75,64.54,82,82,2.33,broken clouds
215,Aksarka,RU,66.5606,67.7975,8.94,98,94,3.31,overcast clouds
216,Mizdah,LY,31.4451,12.9801,52.61,45,0,5.79,clear sky
217,Harkany,HU,45.85,18.2367,38.57,70,100,3.44,overcast clouds
218,Bara,NG,10.3744,10.7288,84.54,58,100,9.6,light rain
219,Geraldton,AU,-28.7667,114.6,59.41,55,0,3.44,clear sky
220,Akyab,MM,20.15,92.9,80.06,86,11,3.15,few clouds
221,East London,ZA,-33.0153,27.9116,66.6,84,94,5.7,overcast clouds
222,Klyuchi,RU,52.2667,79.1667,44.19,60,100,13.85,overcast clouds
223,Santa Vitoria Do Palmar,BR,-33.5189,-53.3681,63.68,83,5,9.44,clear sky
224,Teahupoo,PF,-17.8333,-149.2667,80.56,73,24,6.96,few clouds
225,Adrar,MR,20.5022,-10.0711,78.55,13,2,10.02,clear sky
226,Teocaltiche,MX,21.4333,-102.5833,87.31,11,7,1.59,clear sky
227,Ambon,ID,-3.6954,128.1814,78.94,94,40,5.75,scattered clouds
228,Ilulissat,GL,69.2167,-51.1,10.42,72,75,13.8,light snow
229,Bereda,ES,43.2686,-7.5406,48.42,100,100,3.2,overcast clouds
230,Alofi,NU,-19.0595,-169.9187,84.09,79,75,10.36,drizzle
231,Santa Cruz De La Palma,ES,28.6835,-17.7642,68.14,73,75,16.11,broken clouds
232,Sao Filipe,CV,14.8961,-24.4956,71.15,80,27,6.33,scattered clouds
233,Husavik,IS,66.0449,-17.3389,34.29,97,100,11.99,overcast clouds
234,Vardo,NO,70.3705,31.1107,40.8,92,100,18.63,overcast clouds
235,Bilibino,RU,68.0546,166.4372,21.02,85,89,1.86,overcast clouds
236,Leeton,AU,-34.5667,146.4,58.91,78,100,4.41,moderate rain
237,Dingle,PH,10.9995,122.6711,78.35,85,16,8.81,few clouds
238,Mecca,SA,21.4267,39.8261,85.24,24,13,1.7,few clouds
239,Carnarvon,AU,-24.8667,113.6333,64.47,72,29,8.05,scattered clouds
240,Esperance,AU,-33.8667,121.9,61.65,75,85,11.43,overcast clouds
241,Tautira,PF,-17.7333,-149.15,80.31,74,22,7.07,light rain
242,Jaguarari,BR,-10.2639,-40.1958,68.29,95,83,10.25,broken clouds
243,Rawson,AR,-43.3002,-65.1023,61.56,65,6,7.7,clear sky
244,Kahului,US,20.8947,-156.47,82.42,64,20,20.71,few clouds
245,Tokur,RU,53.1333,132.9,26.33,92,100,4.88,overcast clouds
246,Kuruman,ZA,-27.4524,23.4325,56.14,61,0,7.96,clear sky
247,La Ronge,CA,55.1001,-105.2842,39.42,52,40,11.5,scattered clouds
248,Viedma,AR,-40.8135,-62.9967,68.86,49,96,19.04,overcast clouds
249,Rancho Palos Verdes,US,33.7445,-118.387,77.41,76,75,23.02,broken clouds
250,Boende,CD,-0.2167,20.8667,72.21,97,94,1.72,light rain
251,Port Lincoln,AU,-34.7333,135.8667,59.72,60,11,8.03,few clouds
252,Fare,PF,-16.7,-151.0167,81.1,72,5,8.61,clear sky
253,Te Anau,NZ,-45.4167,167.7167,60.01,71,100,3.71,overcast clouds
254,Kanigoro,ID,-8.13,112.219,74.86,89,99,2.91,light rain
255,Port Augusta,AU,-32.5,137.7667,61.54,64,61,14.03,broken clouds
256,Novikovo,RU,51.1537,37.8879,49.12,89,83,10.31,broken clouds
257,Mariani,IN,26.6667,94.3333,68.18,91,35,3.13,scattered clouds
258,Lumphat,KH,13.4878,106.9816,72.18,77,100,3.69,overcast clouds
259,Bobrov,RU,51.0961,40.0333,51.21,79,100,11.88,overcast clouds
260,Meulaboh,ID,4.1363,96.1285,76.33,91,97,5.23,moderate rain
261,Kodiak,US,57.79,-152.4072,38.71,81,100,18.41,overcast clouds
262,Bitung,ID,1.4451,125.1824,81.45,78,37,3.09,scattered clouds
263,Yarada,IN,17.65,83.2667,80.92,74,40,4.61,scattered clouds
264,Zyryanka,RU,65.75,150.85,20.28,88,67,12.08,broken clouds
265,Suleya,RU,55.1352,58.8792,43.41,91,99,4.99,overcast clouds
266,Mae Sai,TH,20.4335,99.8762,69.94,97,65,1.39,broken clouds
267,Igarka,RU,67.4667,86.5833,15.87,94,99,15.37,light snow
268,Cruzeiro Do Sul,BR,-29.5128,-51.9853,70.5,86,71,1.99,broken clouds
269,Tosno,RU,59.54,30.8775,41.72,93,88,3.36,overcast clouds
270,Toora-Khem,RU,52.4675,96.11,40.66,73,100,3.27,overcast clouds
271,Soavinandriana,MG,-19.1667,46.7333,59.9,93,82,4.61,broken clouds
272,Pelym,RU,61.0108,61.9978,23.92,97,67,2.89,broken clouds
273,Itapira,BR,-22.4361,-46.8217,63.95,83,37,5.03,scattered clouds
274,Sitka,US,57.0531,-135.33,51.69,25,75,14.97,broken clouds
275,Orange Cove,US,36.6244,-119.3137,79.81,26,100,5.48,overcast clouds
276,Coahuayana,MX,18.7333,-103.6833,85.15,57,73,6.62,broken clouds
277,Saint-Philippe,RE,-21.3585,55.7679,76.59,87,31,11.41,scattered clouds
278,Puerto Quijarro,BO,-17.7833,-57.7667,77.43,47,2,3.06,clear sky
279,Arraial Do Cabo,BR,-22.9661,-42.0278,72.45,76,3,8.61,clear sky
280,Varhaug,NO,58.6147,5.6457,47.48,57,0,15.1,clear sky
281,Linden,GY,6.0,-58.3,74.07,92,99,4.97,overcast clouds
282,Bilma,NE,18.6853,12.9164,79.2,18,73,13.0,broken clouds
283,Torbay,CA,47.6666,-52.7314,35.28,87,100,19.57,light shower snow
284,Bengkulu,ID,-3.8004,102.2655,75.34,83,99,3.56,overcast clouds
285,Jacqueville,CI,5.2052,-4.4146,77.43,88,100,7.36,light rain
286,Takoradi,GH,4.8845,-1.7554,78.89,81,100,3.4,overcast clouds
287,Tosya,TR,41.0155,34.0401,49.15,86,8,4.05,clear sky
288,Padang,ID,-0.9492,100.3543,75.25,87,100,4.41,overcast clouds
289,Athabasca,CA,54.7169,-113.2854,46.81,53,100,13.29,overcast clouds
290,Laguna,US,38.421,-121.4238,73.08,41,40,16.11,scattered clouds
291,Najran,SA,17.4924,44.1277,70.45,24,0,2.68,clear sky
292,Tomatlan,MX,19.9333,-105.25,85.08,53,36,8.75,scattered clouds
293,Marsh Harbour,BS,26.5412,-77.0636,77.22,72,84,4.09,broken clouds
294,Weligama,LK,5.9667,80.4167,79.11,85,94,8.37,overcast clouds
295,Frederico Westphalen,BR,-27.3592,-53.3944,59.07,83,1,2.75,clear sky
296,Palu,ID,-0.8917,119.8707,77.32,93,67,3.24,broken clouds
297,Verkhnevilyuysk,RU,63.4453,120.3167,21.34,93,100,10.04,light snow
298,La Plaine,DM,15.3333,-61.25,78.44,81,96,18.19,overcast clouds
299,Pontianak,ID,-0.0333,109.3333,75.18,94,75,4.61,broken clouds
300,Kamina,CD,-8.7386,24.9906,64.44,94,19,3.38,few clouds
301,Silvania,BR,-16.6589,-48.6081,70.02,56,14,4.03,few clouds
302,Belyy Yar,RU,53.6039,91.3903,34.86,93,75,8.95,light shower sleet
303,Kirakira,SB,-10.4544,161.9205,83.3,73,100,5.53,overcast clouds
304,Pemba,MZ,-12.974,40.5178,77.7,94,75,8.05,broken clouds
305,Terra Rica,BR,-22.7094,-52.6169,66.11,71,28,5.5,scattered clouds
306,Vanimo,PG,-2.6741,141.3028,81.05,81,100,2.44,overcast clouds
307,Ghanzi,BW,-21.5667,21.7833,63.73,52,0,8.48,clear sky
308,Hervey Bay,AU,-25.2986,152.8535,76.01,72,19,5.99,few clouds
309,Tomelloso,ES,39.1522,-3.0243,61.52,69,41,7.14,scattered clouds
310,Pangody,RU,65.85,74.4859,7.48,95,81,10.29,broken clouds
311,Rocha,UY,-34.4833,-54.3333,62.64,80,65,7.54,broken clouds
312,Antofagasta,CL,-23.65,-70.4,61.88,85,2,2.8,clear sky
313,Taguatinga,BR,-12.3857,-46.5711,73.2,86,84,6.04,broken clouds
314,Ravar,IR,31.2656,56.8055,56.75,38,1,1.7,clear sky
315,Pisco,PE,-13.7,-76.2167,66.25,82,0,13.8,clear sky
316,Kindu,CD,-2.95,25.95,69.75,100,98,2.51,moderate rain
317,Tocopilla,CL,-22.092,-70.1979,63.75,69,14,3.44,few clouds
318,Kalabo,ZM,-14.97,22.6814,67.62,78,71,4.5,broken clouds
319,Itoman,JP,26.1247,127.6694,70.57,81,75,6.91,broken clouds
320,Salalah,OM,17.0151,54.0924,82.49,78,75,4.61,broken clouds
321,Seoul,KR,37.5683,126.9778,53.17,66,0,4.61,clear sky
322,Sept-Iles,CA,50.2001,-66.3821,35.06,68,20,4.61,few clouds
323,Auki,SB,-8.7676,160.7034,84.06,67,34,3.31,scattered clouds
324,Alyangula,AU,-13.8483,136.4192,82.27,89,75,3.44,broken clouds
325,Virginia Beach,US,36.8529,-75.978,64.45,94,100,10.36,mist
326,Lufilufi,WS,-13.8745,-171.5986,86.79,73,36,16.11,light rain
327,Balkhash,KZ,46.844,74.9804,57.29,45,97,13.2,overcast clouds
328,Marang,MY,5.2056,103.2059,78.71,85,100,1.1,overcast clouds
329,Alice Springs,AU,-23.7,133.8833,63.95,68,40,14.97,scattered clouds
330,Kutum,SD,14.2,24.6667,83.43,20,100,12.62,overcast clouds
331,Teeli,RU,51.0333,90.2333,48.22,27,100,3.71,overcast clouds
332,Yaan,NG,7.3833,8.5667,83.14,67,100,6.15,overcast clouds
333,Portland,US,45.5234,-122.6762,52.05,90,100,10.36,light rain
334,Pokrovka,KG,42.3414,78.0056,51.51,42,79,7.72,broken clouds
335,Tura,IN,25.5198,90.2201,67.86,90,0,3.4,clear sky
336,Serro,BR,-18.6047,-43.3794,65.44,86,91,3.58,overcast clouds
337,Caravelas,BR,-17.7125,-39.2481,76.86,68,38,9.89,scattered clouds
338,Batasan,PH,12.7667,120.7833,79.29,68,2,3.6,clear sky
339,Iralaya,HN,15.0,-83.2333,81.7,67,2,12.06,clear sky
340,Zheleznodorozhnyy,RU,55.7503,38.0042,41.61,78,97,7.11,overcast clouds
341,Bowen,AU,-20.0167,148.2333,76.41,78,8,12.33,clear sky
342,Makakilo City,US,21.3469,-158.0858,82.72,46,0,13.8,clear sky
343,Hofn,IS,64.2539,-15.2082,43.07,81,100,10.74,light rain
344,Richards Bay,ZA,-28.783,32.0377,65.73,87,99,6.58,light rain
345,Churapcha,RU,62.0025,132.4325,28.58,87,100,13.42,overcast clouds
346,Altay,CN,47.8667,88.1167,47.86,30,87,9.6,overcast clouds
347,Eureka,US,40.8021,-124.1637,50.67,81,100,1.01,moderate rain
348,Emerald,AU,-23.5333,148.1667,75.34,64,0,8.05,clear sky
349,Grand Island,US,40.925,-98.342,57.2,19,0,11.5,clear sky
350,Damghan,IR,36.1683,54.348,51.15,37,0,3.04,clear sky
351,Lubao,PH,14.9167,120.55,82.11,70,7,6.69,clear sky
352,Kontagora,NG,10.3999,5.4695,84.22,50,100,3.94,overcast clouds
353,Lopatino,RU,52.6195,45.8118,52.88,75,100,9.42,overcast clouds
354,Gebze,TR,40.8028,29.4307,46.06,100,75,14.97,broken clouds
355,Anaconda,US,46.1285,-112.9423,54.59,82,100,6.55,overcast clouds
356,Veraval,IN,20.9,70.3667,79.38,71,0,14.83,clear sky
357,Antunez,MX,19.0167,-102.2,96.76,11,33,10.27,scattered clouds
358,Kem,RU,64.9555,34.5793,35.67,96,100,6.51,overcast clouds
359,Cabras,IT,39.93,8.5314,49.37,89,21,5.99,few clouds
360,Lorengau,PG,-2.0226,147.2712,84.88,70,100,8.86,overcast clouds
361,Samarai,PG,-10.6167,150.6667,81.68,81,94,11.97,moderate rain
362,Luderitz,NA,-26.6481,15.1594,75.36,38,7,8.28,clear sky
363,Kaspiysk,RU,42.8816,47.6392,44.78,93,4,6.71,clear sky
364,Pangnirtung,CA,66.1451,-65.7125,-11.7,97,99,4.23,overcast clouds
365,Oussouye,SN,12.485,-16.5469,71.78,73,35,10.29,scattered clouds
366,Pemangkat,ID,1.1667,108.9667,76.03,93,100,8.7,overcast clouds
367,Leshukonskoye,RU,64.8989,45.7622,32.27,94,100,5.01,overcast clouds
368,Pringsewu,ID,-5.3582,104.9744,74.88,93,99,0.56,overcast clouds
369,Matara,LK,5.9485,80.5353,78.53,87,91,8.23,overcast clouds
370,Nikolsk,RU,53.7189,46.0712,46.36,95,100,6.02,overcast clouds
371,Altinopolis,BR,-21.0256,-47.3739,72.75,68,40,4.25,scattered clouds
372,San Felipe,VE,10.3399,-68.7425,78.67,76,99,1.39,overcast clouds
373,Tessalit,ML,20.1986,1.0114,76.5,14,0,7.23,clear sky
374,Chagoda,RU,59.164,35.3285,35.29,99,100,3.2,overcast clouds
375,Bonavista,CA,48.6499,-53.1147,33.26,77,57,28.03,broken clouds
376,Tabuk,PH,17.4189,121.4443,75.11,86,61,1.12,broken clouds
377,Mogadishu,SO,2.0371,45.3438,82.26,82,100,9.6,overcast clouds
378,Camacupa,AO,-12.0167,17.4833,61.5,98,99,3.89,overcast clouds
379,Offa,NG,8.15,4.7167,77.79,83,100,5.19,overcast clouds
380,Zhangjiakou,CN,40.81,114.8794,51.01,29,0,3.09,clear sky
381,Amga,RU,60.8953,131.9608,32.29,86,99,9.37,overcast clouds
382,Hojai,IN,26.0,92.8667,70.81,88,0,3.22,clear sky
383,Paita,PE,-5.0892,-81.1144,70.18,76,72,17.74,broken clouds
384,Belmonte,BR,-15.8631,-38.8828,76.15,82,94,11.88,overcast clouds
385,Cheney,US,47.4874,-117.5758,57.13,42,100,13.8,overcast clouds
386,Huarmey,PE,-10.0681,-78.1522,68.65,81,91,9.15,overcast clouds
387,Luganville,VU,-15.5333,167.1667,84.13,74,84,7.02,broken clouds
388,Haines Junction,CA,60.7522,-137.5108,35.55,27,98,6.91,overcast clouds
389,Boa Vista,BR,2.8197,-60.6733,85.98,54,40,10.36,scattered clouds
390,Bratsk,RU,56.1325,101.6142,28.89,83,100,9.22,overcast clouds
391,Oistins,BB,13.0667,-59.5333,78.89,73,40,17.27,scattered clouds
392,Dasoguz,TM,41.8363,59.9666,57.15,67,100,6.91,overcast clouds
393,Gusinoye Ozero,RU,51.1144,106.2614,48.02,59,57,2.46,broken clouds
394,Aklavik,CA,68.2191,-135.0107,30.2,34,0,13.8,clear sky
395,Tuy Hoa,VN,13.0833,109.3,73.74,91,49,5.68,scattered clouds
396,Bontang,ID,0.1333,117.5,78.84,88,100,6.67,overcast clouds
397,Asosa,ET,10.0667,34.5333,71.46,57,57,3.18,broken clouds
398,Kasongo,CD,-4.45,26.6667,72.61,82,99,2.3,overcast clouds
399,Micheweni,TZ,-4.9667,39.8333,79.95,84,54,8.88,light rain
400,Shingu,JP,33.7333,135.9833,61.77,40,99,5.01,overcast clouds
401,Kiomboi,TZ,-4.2667,34.3667,60.96,74,77,3.15,broken clouds
402,Puerto Del Rosario,ES,28.5004,-13.8627,65.95,88,100,23.02,overcast clouds
403,Homer,US,59.6425,-151.5483,44.49,47,75,4.0,broken clouds
404,Mayo,US,38.8876,-76.5119,46.35,92,100,18.41,heavy intensity rain
405,Araouane,ML,18.9048,-3.5265,75.43,11,0,9.1,clear sky
406,Puerto Carreno,CO,6.189,-67.4859,85.98,70,97,2.3,overcast clouds
407,Menongue,AO,-14.6585,17.691,62.17,96,74,3.71,broken clouds
408,Abomsa,ET,9.9833,39.9833,74.77,36,49,6.38,scattered clouds
409,Bafata,GW,12.1667,-14.75,80.69,55,55,8.21,broken clouds
410,San Andres,CO,12.5847,-81.7006,84.22,74,40,6.91,scattered clouds
411,Prince Albert,CA,53.2001,-105.7677,42.75,42,40,6.91,scattered clouds
412,Butembo,CD,0.15,29.2833,57.87,94,100,3.15,overcast clouds
413,Nacogdoches,US,31.6002,-94.6335,74.84,50,0,7.99,clear sky
414,Assiniboia,CA,49.6334,-105.9845,40.82,45,33,8.05,scattered clouds
415,Dabakala,CI,8.3667,-4.4333,77.38,71,99,5.73,overcast clouds
416,Dunmore Town,BS,25.5,-76.65,77.41,73,4,5.26,clear sky
417,Galesong,ID,-5.3166,119.3661,77.02,82,99,4.0,overcast clouds
418,Lazaro Cardenas,MX,17.9583,-102.2,82.09,58,72,7.92,broken clouds
419,Nhulunbuy,AU,-12.2333,136.7667,81.21,83,75,6.91,broken clouds
420,Nogliki,RU,51.8333,143.1667,30.6,85,44,10.38,scattered clouds
421,Milkovo,RU,54.7167,158.6167,32.18,47,52,5.82,broken clouds
422,Bukama,CD,-9.2,25.85,69.03,91,9,2.55,clear sky
423,Itarema,BR,-2.9248,-39.9167,76.69,89,98,7.56,overcast clouds
424,Filingue,NE,14.3521,3.3168,85.35,11,93,3.91,overcast clouds
425,Nilokheri,IN,29.8333,76.9167,82.06,17,0,6.13,clear sky
426,Buraydah,SA,26.326,43.975,72.05,10,32,6.49,scattered clouds
427,Barra Do Garcas,BR,-15.89,-52.2567,74.5,66,5,1.16,clear sky
428,Henties Bay,NA,-22.116,14.2845,65.34,68,13,3.74,few clouds
429,Fairview,US,40.8126,-73.999,47.41,66,100,16.11,mist
430,Bulungu,CD,-4.55,18.6,72.5,91,75,0.96,light rain
431,Saint-Joseph,RE,-21.3667,55.6167,75.58,85,15,7.16,few clouds
432,Ostrovnoy,RU,68.0531,39.5131,36.43,100,100,9.84,overcast clouds
433,Golovino,RU,55.9613,40.4251,36.45,88,96,6.58,overcast clouds
434,Santa Maria,BR,-29.6842,-53.8069,65.5,77,40,4.61,scattered clouds
435,Burgeo,CA,47.6167,-57.6152,35.71,73,36,14.0,scattered clouds
436,Oksfjord,NO,70.2396,22.3479,44.67,99,100,8.63,overcast clouds
437,Pingliang,CN,35.5392,106.6861,46.06,42,100,0.83,overcast clouds
438,Ankara,TR,39.9199,32.8543,52.21,69,40,2.3,scattered clouds
439,Sayyan,YE,15.1718,44.3244,60.28,29,65,7.87,broken clouds
440,Lavrentiya,RU,65.5833,-171.0,30.16,94,100,8.66,light snow
441,Tahe,CN,52.3333,124.7333,44.08,76,91,5.66,overcast clouds
442,Lar,IN,26.2039,83.9717,79.41,67,0,11.63,clear sky
443,Finnsnes,NO,69.2296,17.9811,38.01,95,100,1.59,overcast clouds
444,Ojuelos De Jalisco,MX,21.8667,-101.5833,80.76,23,28,18.84,scattered clouds
445,Vao,NC,-22.6667,167.4833,75.9,75,56,6.26,broken clouds
446,Bullhead City,US,35.1478,-114.5683,101.59,4,40,14.97,scattered clouds
447,Hirara,JP,24.8,125.2833,73.26,78,40,12.66,scattered clouds
448,Gurupa,BR,-1.405,-51.64,76.33,92,89,3.06,overcast clouds
449,Iqaluit,CA,63.7506,-68.5145,1.13,71,100,4.61,light snow
450,Baikunthpur,IN,23.25,82.55,79.56,17,3,1.48,clear sky
451,Vostok,RU,46.4856,135.8833,40.8,40,41,8.16,scattered clouds
452,Rio Verde De Mato Grosso,BR,-18.9181,-54.8442,72.72,50,46,3.56,scattered clouds
453,Noormarkku,FI,61.5927,21.8685,31.78,93,0,0.0,clear sky
454,Wexford,IE,52.3342,-6.4575,42.13,83,24,6.42,few clouds
455,Krasnozatonskiy,RU,61.6758,50.9794,35.82,75,0,2.24,clear sky
456,Kajaani,FI,64.2273,27.7285,32.05,93,0,1.14,clear sky
457,Ketchikan,US,55.3422,-131.6461,57.67,21,20,9.22,few clouds
458,Xihua,CN,33.7833,114.5167,52.0,61,49,5.32,scattered clouds
459,Lamu,KE,-2.2717,40.902,81.39,81,100,11.34,overcast clouds
460,Tilichiki,RU,60.4667,166.1,22.86,85,99,4.76,overcast clouds
461,Kargasok,RU,59.0556,80.8572,28.74,78,48,9.62,scattered clouds
462,Narasapur,IN,16.45,81.6667,80.51,90,8,5.55,clear sky
463,Yulara,AU,-25.2406,130.9889,58.84,72,7,13.8,clear sky
464,Yuncheng,CN,35.0231,110.9928,52.86,45,2,1.19,clear sky
465,Krasnoselkup,RU,65.7,82.4667,11.84,92,82,16.33,broken clouds
466,Fomboni,KM,-12.28,43.7425,82.63,74,18,7.76,few clouds
467,Hamirpur,IN,25.95,80.15,87.4,11,0,3.4,clear sky
468,Senador Jose Porfirio,BR,-2.5908,-51.9542,77.07,91,66,2.46,broken clouds
469,Gigmoto,PH,13.7796,124.39,79.16,81,30,5.93,scattered clouds
470,Gravdal,NO,68.1214,13.5031,42.69,86,91,6.46,overcast clouds
471,Manggar,ID,-2.8833,108.2667,78.4,86,100,5.59,overcast clouds
472,Ponta Delgada,PT,37.7333,-25.6667,59.72,67,75,11.5,broken clouds
473,Sokoto,NG,13.0609,5.239,84.99,14,79,2.75,broken clouds
474,Nassau,US,40.7507,-73.5829,47.21,68,100,18.41,overcast clouds
475,Porto Novo,BJ,6.4965,2.6036,78.62,84,100,0.85,overcast clouds
476,Komsomolskiy,UZ,40.4272,71.7189,68.72,49,88,9.22,heavy intensity rain
477,Beloha,MG,-25.1667,45.05,73.62,88,85,10.11,overcast clouds
478,Halifax,CA,44.6453,-63.5724,48.09,65,5,10.36,clear sky
479,Sola,VU,-13.8833,167.55,82.29,76,99,12.39,moderate rain
480,Nizhnevartovsk,RU,60.9344,76.5531,32.02,69,0,7.0,clear sky
481,Orcopampa,PE,-15.2661,-72.3417,49.6,45,4,5.7,clear sky
482,Irbeyskoye,RU,55.6428,95.4522,29.21,78,100,6.78,light snow
483,Kasongo-Lunda,CD,-6.4667,16.8167,74.14,90,100,1.28,light rain
484,Mangrol,IN,21.1167,70.1167,79.41,70,0,12.5,clear sky
485,Nara,JP,34.6851,135.8049,59.97,36,57,2.19,broken clouds
486,Houma,US,29.5958,-90.7195,72.01,66,0,12.66,clear sky
487,Coxim,BR,-18.5067,-54.76,73.49,46,46,2.33,scattered clouds
488,Semnan,IR,35.5729,53.3971,57.04,13,0,4.61,clear sky
489,Oum Hadjer,TD,13.2954,19.6966,86.67,46,99,15.7,overcast clouds
490,Devgarh,IN,25.5333,73.9,77.29,26,6,12.59,clear sky
491,Shahrud,IR,36.4182,54.9763,47.91,47,0,4.34,clear sky
492,Garowe,SO,8.4054,48.4845,77.97,76,17,10.2,few clouds
493,Hovd,MN,48.0056,91.6419,44.6,20,100,9.75,overcast clouds
494,Miyako,JP,39.6367,141.9525,47.07,71,77,12.24,broken clouds
495,Northallerton,GB,54.339,-1.4324,48.02,66,100,5.75,overcast clouds
496,Inirida,CO,3.8653,-67.9239,74.98,92,79,1.79,broken clouds
497,Smidovich,RU,48.6,133.8167,45.18,45,100,14.23,overcast clouds
498,Saint-Georges,GD,12.0564,-61.7485,79.09,79,99,14.99,overcast clouds
499,Santa Cruz,BO,-17.8,-63.1667,77.05,53,0,2.3,clear sky
500,Olhao,PT,37.0286,-7.8411,58.89,62,0,17.27,clear sky
501,Vetlanda,SE,57.4289,15.0776,43.95,72,100,2.37,overcast clouds
502,Zunyi,CN,27.6867,106.9072,51.42,91,100,0.34,overcast clouds
503,Hualmay,PE,-11.0964,-77.6139,67.73,82,89,9.44,overcast clouds
504,Rognan,NO,67.0953,15.3878,44.74,90,92,6.31,overcast clouds
505,Vung Tau,VN,10.346,107.0843,81.16,74,96,12.24,overcast clouds
506,Pasni,PK,25.2631,63.471,79.29,89,17,4.9,few clouds
507,Vila,PT,42.0304,-8.1588,42.69,79,95,7.96,overcast clouds
508,Caucasia,CO,7.9865,-75.1935,78.93,87,100,5.97,overcast clouds
509,Sungai Besar,MY,3.6746,100.9867,76.77,90,100,3.31,overcast clouds
510,Tiznit,MA,29.5833,-9.5,71.44,30,94,0.58,overcast clouds
511,Cap-Aux-Meules,CA,47.3821,-61.8597,32.05,80,20,9.22,few clouds
512,La Seyne-Sur-Mer,FR,43.0982,5.8847,57.15,85,79,3.96,broken clouds
513,Russell,US,32.3502,-85.1999,67.6,62,10,10.36,clear sky
514,Ust-Kuyga,RU,70.0167,135.6,14.23,78,46,2.68,scattered clouds
515,Two Hills,CA,53.7169,-111.7518,48.92,34,78,18.41,broken clouds
516,Umm Lajj,SA,25.0213,37.2685,86.97,29,92,9.35,overcast clouds
517,Gisborne,NZ,-38.6533,178.0042,65.34,83,93,11.23,overcast clouds
518,Wufeng,CN,27.45,104.8333,38.93,89,94,2.86,overcast clouds
519,Ulagan,RU,50.6321,87.9563,40.19,63,100,2.59,overcast clouds
520,Rovira,CO,4.2392,-75.24,71.98,92,98,2.04,very heavy rain
521,Nome,US,64.5011,-165.4064,35.67,69,100,14.97,overcast clouds
522,Chabahar,IR,25.2919,60.643,79.83,71,62,4.16,broken clouds
523,Khasan,RU,42.4308,130.6434,45.28,57,0,2.53,clear sky
524,Acajutla,SV,13.5928,-89.8275,85.91,66,26,8.25,scattered clouds
525,Road Town,VG,18.4167,-64.6167,78.89,73,40,13.8,scattered clouds
526,Tawau,MY,4.2498,117.8871,77.13,85,58,3.62,broken clouds
527,Kalach-Na-Donu,RU,48.691,43.5264,53.46,62,94,10.8,overcast clouds
528,Porto Santo,PT,33.072,-16.3415,61.18,67,40,14.97,scattered clouds
529,Tshikapa,CD,-6.4167,20.8,72.34,93,93,2.8,moderate rain
530,Port-Gentil,GA,-0.7193,8.7815,80.56,89,75,4.61,thunderstorm
531,Gizo,SB,-8.103,156.8419,81.66,74,100,8.75,overcast clouds
532,Velikovechnoye,RU,44.934,39.755,60.35,77,100,6.85,overcast clouds
533,Riyadh,SA,24.6877,46.7219,71.74,11,18,2.3,few clouds
534,Zelenchukskaya,RU,43.858,41.5894,53.4,70,95,7.52,overcast clouds
535,Zbarazh,UA,49.6636,25.7762,31.17,85,11,4.47,few clouds
536,Oranjemund,NA,-28.55,16.4333,71.56,36,0,7.2,clear sky
537,Hamilton,US,39.1834,-84.5333,43.77,82,100,19.57,overcast clouds
538,Altos Del Rosario,CO,8.7944,-74.1658,77.07,91,95,0.83,overcast clouds
539,Tutoia,BR,-2.7619,-42.2744,78.39,84,97,5.68,overcast clouds
540,Anloga,GH,5.7947,0.8973,79.41,80,100,7.16,overcast clouds
541,Mudgee,AU,-32.5943,149.5871,67.78,72,83,5.75,broken clouds
542,Sinegorye,RU,62.0788,150.477,19.4,77,37,3.06,scattered clouds
543,Pouembout,NC,-21.1333,164.9,82.69,68,23,3.53,few clouds
544,Aguimes,ES,27.9054,-15.4461,65.66,77,20,19.57,few clouds
545,Sinnamary,GF,5.3833,-52.95,76.87,90,98,9.82,overcast clouds
546,Arona,ES,28.0996,-16.681,62.82,76,0,20.71,clear sky
547,Sao Felix Do Xingu,BR,-6.6447,-51.995,73.87,98,100,0.78,light rain
548,Tabou,CI,4.423,-7.3528,77.07,87,94,1.83,overcast clouds
549,Hit,IQ,33.6416,42.8251,74.59,13,71,6.49,broken clouds
550,Shitanjing,CN,39.2342,106.3439,48.88,20,25,3.22,scattered clouds
551,Conde,BR,-7.2597,-34.9075,78.26,83,20,5.75,few clouds
552,Kenai,US,60.5544,-151.2583,44.69,56,0,13.8,clear sky
553,Berlevag,NO,70.8578,29.0864,40.8,92,100,23.42,overcast clouds
554,Xinqing,CN,48.2333,129.5,50.94,33,69,9.73,broken clouds
555,Olafsvik,IS,64.8945,-23.7142,40.08,81,44,10.27,scattered clouds
556,Magadan,RU,59.5667,150.8,24.53,88,97,7.23,overcast clouds
557,Kudahuvadhoo,MV,2.6708,72.8944,83.01,71,95,6.53,overcast clouds
558,Moerai,PF,-22.4333,-151.3333,78.71,71,94,7.34,overcast clouds
559,Miraflores,MX,19.2167,-98.8083,81.03,34,95,5.64,light rain
560,Shuangyang,CN,43.5242,125.6736,59.79,24,4,19.19,clear sky
561,Linxia,CN,35.6003,103.2064,43.47,34,11,3.74,few clouds
562,Kamenskiy,RU,50.8855,45.488,51.73,65,91,10.83,overcast clouds
563,Sao Domingos,BR,-13.3983,-46.3183,74.46,69,95,10.09,overcast clouds
564,Bage,BR,-31.3314,-54.1069,62.38,77,0,8.05,clear sky
565,Ortona,IT,42.3496,14.4039,46.15,61,71,6.22,broken clouds
566,Tagusao,PH,9.1924,117.8141,81.68,77,85,4.21,overcast clouds
567,Antibes,FR,43.5624,7.1278,54.88,73,0,5.75,clear sky
568,Tual,ID,-5.6667,132.75,83.7,70,70,0.83,broken clouds
569,Nohar,IN,29.1833,74.7667,85.15,24,3,10.11,clear sky
570,Pyay,MM,18.8167,95.2167,81.9,68,1,5.59,clear sky
571,Staryy Nadym,RU,65.6118,72.6842,9.23,94,81,8.86,broken clouds
572,Callaway,US,30.153,-85.5699,76.91,60,22,10.0,few clouds
573,Korla,CN,41.7597,86.1469,55.38,16,8,2.24,clear sky
574,Hambantota,LK,6.1241,81.1185,79.2,85,73,11.23,broken clouds
575,Marawi,PH,7.9986,124.2928,74.52,86,90,2.04,overcast clouds
576,Kalmunai,LK,7.4167,81.8167,79.77,80,91,2.75,overcast clouds
577,Kostyantynivka,UA,48.5277,37.7069,53.8,88,58,8.03,broken clouds
578,Yumen,CN,40.2833,97.2,49.62,14,0,12.46,clear sky
579,Poum,NC,-20.2333,164.0167,78.6,76,5,9.24,clear sky
580,Chicama,PE,-7.8447,-79.1469,63.14,76,69,6.91,broken clouds
581,Ustikolina,BA,43.5836,18.79,31.57,94,64,1.61,broken clouds
582,Suba,PH,10.8438,121.0102,82.62,71,69,23.0,broken clouds
583,Pereslavl-Zalesskiy,RU,56.7393,38.8563,32.86,78,12,5.99,few clouds
584,Zhangye,CN,38.9342,100.4517,48.29,25,4,4.99,clear sky
585,Uva,RU,56.9908,52.1852,30.74,98,100,2.89,overcast clouds
586,Westport,US,41.1415,-73.3579,46.56,73,100,16.11,overcast clouds
587,Mareeba,AU,-17.0,145.4333,77.67,76,100,3.67,overcast clouds
588,Bandar-E Lengeh,IR,26.5579,54.8807,74.53,66,36,1.03,scattered clouds
589,Ouango,CF,4.3133,22.5552,70.14,98,100,3.33,light rain
590,Camocim,BR,-2.9022,-40.8411,76.73,90,97,6.17,overcast clouds
591,Kandiari,PK,26.9156,68.5216,85.28,32,0,6.96,clear sky
592,Rzhev,RU,56.2624,34.3282,32.56,85,91,7.54,overcast clouds
593,Ust-Tsilma,RU,65.441,52.1498,31.64,96,100,5.59,overcast clouds
594,Narsaq,GL,60.9167,-46.05,37.62,71,100,4.18,light rain
595,Mount Isa,AU,-20.7333,139.5,80.37,32,0,12.66,clear sky
596,Saldanha,ZA,-33.0117,17.9442,59.05,71,0,7.31,clear sky
597,Lasa,IT,46.6166,10.7002,47.28,90,15,5.41,few clouds
598,Yar-Sale,RU,66.8333,70.8333,-0.45,98,70,6.51,broken clouds
599,Thinadhoo,MV,0.5333,72.9333,83.07,72,100,6.24,overcast clouds
600,Miles City,US,46.4083,-105.8406,49.17,34,0,12.66,clear sky
601,Nanakuli,US,21.3906,-158.1547,84.15,44,0,13.8,clear sky
602,Basco,PH,20.4487,121.9702,77.59,81,58,18.72,broken clouds
603,Alta Floresta,BR,-9.8756,-56.0861,72.82,81,69,2.71,broken clouds
604,Waingapu,ID,-9.6567,120.2641,79.0,87,100,8.3,overcast clouds
605,Wasaga Beach,CA,44.5168,-80.0164,36.01,92,100,4.61,light rain
606,Umm Kaddadah,SD,13.6017,26.6876,83.61,33,47,5.41,scattered clouds
607,Sulangan,PH,11.1373,123.7228,81.23,75,7,10.22,clear sky
608,Kuryk,KZ,43.2,51.65,54.32,67,37,8.19,scattered clouds
609,Maniitsoq,GL,65.4167,-52.9,10.6,83,82,13.62,broken clouds
610,Barabai,ID,-2.5833,115.3833,79.16,86,96,0.67,overcast clouds
611,Moose Factory,CA,51.2585,-80.6094,28.4,69,100,10.36,overcast clouds
612,Golkoy,TR,40.6875,37.6178,42.21,67,98,1.48,overcast clouds
613,Alappuzha,IN,9.49,76.3264,82.02,78,100,5.59,overcast clouds
614,Pierre,US,44.3683,-100.351,52.72,27,0,8.01,clear sky
615,Erzin,TR,36.9559,36.2,68.49,49,97,7.38,overcast clouds
616,Forestville,US,38.8451,-76.875,45.16,94,100,14.97,moderate rain
617,Riverton,US,40.5219,-111.9391,77.56,17,0,15.99,clear sky
618,Male,MV,4.1748,73.5089,84.15,74,40,6.91,scattered clouds
619,Zvishavane,ZW,-20.3267,30.0665,59.31,97,70,3.65,broken clouds
620,Qujing,CN,25.4833,103.7833,46.83,82,100,2.93,overcast clouds
621,Pangai,TO,-19.8,-174.35,84.31,74,75,13.8,broken clouds
622,Yantzaza,EC,-3.8278,-78.7594,65.66,99,100,0.94,overcast clouds
623,Kolyshley,RU,52.7005,44.5367,50.9,81,100,8.3,overcast clouds
624,Ndola,ZM,-12.9587,28.6366,59.52,97,6,4.32,clear sky
625,Monmouth,US,40.3001,-74.1663,47.95,77,100,18.41,overcast clouds
626,Pacific Grove,US,36.6177,-121.9166,67.39,60,0,11.5,clear sky
627,Konosha,RU,60.9736,40.257,32.34,99,100,0.18,overcast clouds
628,Vila Franca Do Campo,PT,37.7167,-25.4333,59.41,74,79,12.15,broken clouds
629,Muros,ES,42.7762,-9.0603,51.84,78,16,14.2,few clouds
630,Nizhniy Kuranakh,RU,58.8353,125.4869,30.96,77,81,12.84,broken clouds
631,Katobu,ID,-4.9408,122.5276,79.7,88,89,1.39,overcast clouds
632,Ganzhou,CN,28.8184,115.4327,62.02,76,96,2.66,overcast clouds
633,West Fargo,US,46.875,-96.9004,34.02,54,0,17.27,clear sky
634,Eskil,TR,38.4017,33.4131,56.61,44,91,8.08,overcast clouds
635,Tarakan,ID,3.3,117.6333,79.97,82,90,6.73,overcast clouds
636,Canals,ES,38.9625,-0.5844,60.04,83,74,1.01,broken clouds
637,Porto Murtinho,BR,-21.6989,-57.8825,70.86,57,0,3.69,clear sky
638,Karibib,NA,-21.9333,15.8333,72.5,29,42,8.03,scattered clouds
639,Yamada,JP,39.4667,141.95,49.77,63,61,13.33,broken clouds
640,Witu,KE,-2.3889,40.4382,80.17,82,100,9.69,overcast clouds
641,Brownsville,US,25.9018,-97.4975,82.35,75,100,25.32,haze
642,Phan Thiet,VN,10.9333,108.1,79.93,70,18,3.51,few clouds
643,Cicuco,CO,9.2631,-74.6569,80.01,79,96,6.15,overcast clouds
644,The Valley,AI,18.217,-63.0578,79.11,73,40,18.41,scattered clouds
645,Nouadhibou,MR,20.931,-17.0347,66.18,88,100,9.22,overcast clouds
646,Pestretsy,RU,55.7531,49.6545,35.74,99,100,5.14,snow
647,Chiang Rai,TH,19.9167,99.9167,73.38,99,75,1.14,broken clouds
648,Dawson Creek,CA,55.7666,-120.2362,24.44,74,100,8.05,overcast clouds
649,Shiyan,CN,32.6475,110.7781,60.49,45,100,3.11,overcast clouds
650,College,US,64.8569,-147.8028,43.09,29,0,12.66,clear sky
651,Kruisfontein,ZA,-34.0033,24.7314,53.89,92,10,2.01,clear sky
652,Bagan,RU,54.1001,77.6646,34.02,75,95,9.75,overcast clouds
653,Vesyegonsk,RU,58.664,37.2604,32.81,94,83,1.86,broken clouds
654,Griffith,US,41.5284,-87.4237,37.99,71,100,18.41,light rain
655,Durban,ZA,-29.8579,31.0292,65.01,94,47,3.0,scattered clouds
656,Shellbrook,CA,53.2168,-106.4011,42.03,84,23,3.0,few clouds
657,Zimovniki,RU,47.1483,42.4633,53.89,72,99,13.6,light rain
658,Sibolga,ID,1.7427,98.7792,76.24,91,100,1.63,overcast clouds
659,Santa Rosa,PH,14.3122,121.1114,84.02,69,11,13.04,few clouds
660,Corinto,GR,37.9407,22.9573,51.89,89,100,3.44,overcast clouds
661,Fort Nelson,CA,58.8053,-122.7002,27.99,40,75,8.05,broken clouds
662,Brae,GB,60.3964,-1.353,45.59,83,23,15.75,few clouds
663,Vestmanna,FO,62.1564,-7.1664,43.72,93,100,11.5,overcast clouds
664,Bunia,CD,1.5667,30.25,63.77,85,65,1.36,broken clouds
665,Mega,ET,4.05,38.3,62.94,79,98,7.2,light rain
666,San Patricio,US,28.017,-97.5169,87.19,64,4,17.34,clear sky
667,Manono,CD,-7.3,27.4167,70.92,83,34,4.32,scattered clouds
668,Camalu,MX,30.85,-116.0667,70.45,54,18,14.09,few clouds
669,Talara,PE,-4.5772,-81.2719,72.36,68,0,17.27,clear sky
670,Norfolk,US,42.1668,-71.2495,49.24,62,100,3.0,overcast clouds
671,Labuhan,ID,-6.8844,112.2051,80.82,83,100,4.47,overcast clouds
672,Jibuti,DJ,11.5,42.5,74.88,79,24,10.36,few clouds
673,Batagay,RU,67.6333,134.6333,18.99,78,100,6.24,overcast clouds
674,Neuquen,AR,-38.9516,-68.0591,60.69,67,0,0.0,clear sky
675,Flin Flon,CA,54.7682,-101.865,39.04,45,75,11.5,broken clouds
676,Tecoanapa,MX,16.5167,-98.75,83.34,58,12,9.78,few clouds
677,Qui Nhon,VN,13.7667,109.2333,75.6,83,60,10.04,broken clouds
678,New Plymouth,NZ,-39.0667,174.0833,71.56,73,99,1.01,overcast clouds
679,Dunedin,NZ,-45.8742,170.5036,65.8,52,98,5.01,overcast clouds
680,Ciampino,IT,41.8016,12.6066,51.53,44,0,1.14,clear sky
681,Jatiroto,ID,-7.8833,111.1167,77.77,87,100,0.67,overcast clouds
682,Zhuhai,CN,22.2769,113.5678,65.98,94,40,13.8,scattered clouds
683,Verona,IT,45.4167,11.0333,52.52,49,0,4.61,clear sky
